item_name,shipping_info
Refurbished  Apple iPhone 6s Plus 16GB 4G LTE Unlocked Cell Phone 5.5" 2GB RAM Gold,$1.99 Shipping
Refurbished  Apple iPhone 6 16GB 4G LTE Silver Unlocked GSM 8 MP Camera Smartphone, B+ Grade Condition 4.7" 1GB RAM,Free Shipping
Refurbished  Apple iPhone 6s Plus 16GB 4G LTE Unlocked Cell Phone 5.5" 2GB RAM Space Gray C Grade,$1.99 Shipping
Refurbished  Asus ZenFone 3 MAX ZC520TL 16GB 4G LTE Unlocked Cell Phone 5.2" 2GB RAM Gray,Free Shipping
Asus ZenFone 3 Deluxe 64GB 4G LTE Unlocked Cell Phone 5.5" 4GB RAM Glacier Silver,Free Shipping
Asus ZenFone 3 Max 5.2" 16GB 4G LTE Glacier Silver Unlocked Cell Phone 2GB RAM,Free Shipping
Samsung Galaxy S8 64GB 4G LTE Unlocked Cell Phone US Version 5.8" 4GB RAM Midnight Black,Free Shipping
Motorola Moto E (4th Gen) Unlocked Cell Phone (5", 16GB Storage 2GB RAM) Fine Gold,Free Shipping
Refurbished  Samsung Galaxy Note 5 32GB 4G LTE Cell Phone 5.7" 4GB RAM Blue,$1.99 Shipping
Refurbished  Motorola MOTO X XT1097 Unlockd GSM 4G LTE Quad-Core Phone w/ 13MP Camera - Black,Free Shipping
Refurbished  Samsung Galaxy S7 32GB Verizon Unlocked Smartphone SM-G930V - Gold,Free Shipping
Refurbished  Mint LG V20 H990DS Unlocked 5.7'' IPS Display 4GB RAM 64GB Internal 16MP Camera Phone - Silver,Free Shipping
Refurbished  HTC ONE M9 32GB Unlocked GSM 20MP Camera Smartphone Grey Colour (AT&T version) Grey,Free Shipping
Nubia N1 Lite 4G LTE Dual SIM Unlocked Smartphone 5.5" 2GB RAM Black/Gold, US Warranty,Free Shipping
Samsung Galaxy S8+ (Plus) G955FD Dual SIM Unlocked Smart Phone, 6.2" AMOLED Display, Orchid Gray Color, 64GB Storage International Version - No Warranty,Free Shipping
Samsung Galaxy S8+ (Plus) G955FD Dual SIM Unlocked Smart Phone, 6.2" AMOLED Display, Maple Gold Color, 64GB Storage International Version - No Warranty,Free Shipping
CAT S30 8GB 4G LTE Single SIM Unlocked Smartphone 4.5" 1GB RAM Black,Free Shipping
Apple iPhone 7 PLUS 32GB 4G LTE Black Unlocked Cell Phone 5.5" 3GB RAM,Free Shipping
Apple iPhone 7 PLUS 256GB 4G LTE Silver Unlocked Cell Phone 5.5" 3GB RAM,Free Shipping
Refurbished  Apple iPhone 6s Plus 16GB 4G LTE Unlocked Cell Phone 5.5" 2GB RAM Rose Gold C Grade,$1.99 Shipping
Apple iPhone 7 PLUS 128GB 4G LTE Gold Unlocked Cell Phone 5.5" 3GB RAM,Free Shipping
Apple iPhone 7 PLUS 128GB 4G LTE Jet Black Unlocked Cell Phone 5.5" 3GB RAM,Free Shipping
Apple iPhone 6 Plus 16GB 4G LTE� Unlocked Cell Phone with 1GB RAM (Space Gray),Free Shipping
Refurbished  Apple iPhone 5c 16GB GSM Factory Unlocked Smartphone 4G - White,$5.99 Shipping
Refurbished  Apple iPhone 7 Plus 32GB 4G LTE Unlocked Cell Phone 5.5" 3GB RAM Black,$1.99 Shipping
Refurbished  Apple iPhone 7 128GB 4G LTE A GRADE Unlocked Cell Phone 4.7" 2GB RAM Black,$1.99 Shipping
Refurbished  Apple iPhone 6 16GB 4G LTE Unlocked GSM Phone 4.7" 1GB RAM Space Gray,Free Shipping
Refurbished  Apple iPhone 7 128GB 4G LTE Unlocked Cell Phone 4.7" 2GB RAM Jet Black,$1.99 Shipping
Refurbished  Apple iPhone 7 32GB 4G LTE Unlocked Cell Phone 4.7" 2GB RAM Rose Gold,Free Shipping
Refurbished  Apple iPhone 6 16GB 4G LTE Unlocked Cell Phone, No Accessories 4.7" 1GB RAM Gold C Grade,$1.99 Shipping
Refurbished  Apple iPhone 6 Plus 16GB 4G LTE Unlocked Cell Phone, Grade D2 5.5" 1GB RAM Space Gray,Free Shipping
Refurbished  Apple iPhone 7 32GB 4G LTE Cell Phone 4.7" 2GB RAM Rose Gold,$1.99 Shipping
Refurbished  Apple iPhone 5C  Dual-Core 1.3GHz Unlocked GSM Cell Phone - 8GB - Green,Free Shipping
Refurbished  APPLE IPHONE 5 16GB White (Verizon),Free Shipping
Refurbished  iPhone 7  32GB  Unlocked Verizon/ CDMA / GSM  in Black,Free Shipping
Refurbished  Apple iPhone 6 16GB AT&T Smartphone - Gold,Free Shipping
Refurbished  Apple iPhone 7 PLUS 32GB 4G LTE T-Mobile Cell Phone 5.5" 3GB RAM Black,$1.99 Shipping
Refurbished  Apple iPhone 7 128GB 4G LTE Unlocked Cell Phone 4.7" 2GB RAM Rose Gold,$1.99 Shipping
Refurbished  Apple iPhone 7 256GB 4G LTE Unlocked Cell Phone, No Accessories 4.7" 2GB RAM Black,$1.99 Shipping
E&L W9 Waterproof Smartphone Unlocked 6.0 Inch Android 6.0 Durable 4G Smartphone IP68 Waterproof Dustproof Shockproof 16GB AT&T Mobile Phone T-Mobile 4000 mAh 8+5 MP Mobile Phone,Free Shipping
Unlocked Quadband Dual Sim Android 4.2.2 OS with 5.0" Touch Screen Unlocked Cell Phone - At&t, T-mobile, Simple Mobile - WHITE (NEWEST MODEL),$2.55 Shipping
Jivi Mobiles JV A300 Full Multimedia & Internet Dual SIM Mobile Phone - Black,Free Shipping
Jivi Mobiles JV A300 Full Multimedia & Internet Dual SIM Mobile Phone - Gray/Black,Free Shipping
Jivi Mobiles JV A300 Full Multimedia & Internet Dual SIM Mobile Phone - Black/Gold,Free Shipping
Indigi� NEW! 3G SmartPhone 5.5in Android Phablet (FACTORY UNLOCKED) AT&T / T-Mobile / StraighTalk / NET10 / Simple Mobile / Airvoice,Free Shipping
Indigi� GSM 3G Smart Cell Phone Phablet Huge 5.5in Screen Android 4.2 GPS WiFi 7mm UltraSlim UNLOCKED (AT&T | T-Mobile | StraighTalk | NET10 | TracFone | Simple Mobile | Airvoice),Free Shipping
Indigi� Stylish 3G Unlocked Dual-Core Smart Cell Phone Android 4.2 JB 5.5" Capacitive Touch Screen UNLOCKED [AT&T / T-Mobile / StraighTalk / NET10 / TracFone / Simple Mobile / Airvoice],Free Shipping
Indigi� Stylish 3G Unlocked Dual-Core Smart Cell Phone Android 4.4 KK 5.5" Capacitive Touch Screen UNLOCKED [AT&T / T-Mobile / StraighTalk / NET10 / Simple Mobile / Airvoice],Free Shipping
Indigi� NEW! 3G SmartPhone 5.5in Android Phablet (FACTORY UNLOCKED) AT&T / T-Mobile / StraighTalk / NET10 / TracFone / Simple Mobile / Airvoice,Free Shipping
Indigi� NEW! 3G SmartPhone 5.5in Android Phablet (FACTORY UNLOCKED) AT&T / T-Mobile / StraighTalk / NET10 / Simple Mobile / Airvoice,Free Shipping
Indigi� GSM 3G Smart Cell Phone Phablet Huge 5.5in Screen Android 4.4 GPS WiFi 7mm UltraSlim UNLOCKED (AT&T | T-Mobile | StraighTalk | NET10 | Simple Mobile | Airvoice),Free Shipping
Indigi� UNLOCKED 3G SmartPhone 7.0" Android 4.4 Tablet PC AT&T / T-Mobile / Straightalk / Simple Mobile,Free Shipping
Indigi� Stylish 3G Unlocked Dual-Core Smart Cell Phone Android 4.4 KK 5.5" Capacitive Touch Screen UNLOCKED [AT&T / T-Mobile / StraighTalk / NET10  / Simple Mobile / Airvoice],Free Shipping
Indigi� 7.0in 3G Smart Cell Phone Android 4.4 Tablet PC AT&T / T-Mobile / Straightalk / Simple Mobile Unlocked,Free Shipping
Indigi� V13 DualCore 3G Smart Phone 5.5" Capacitive 2-Sim Android 4.4 GSM Unlocked - AT&T T-Mobile Straightalk Simple Mobile Net10,Free Shipping
Indigi� GSM 3G Smart Cell Phone Phablet Huge 5.5in Screen Android 4.4 GPS WiFi 6mm UltraSlim UNLOCKED (AT&T | T-Mobile | StraighTalk | NET10 | Simple Mobile | Airvoice),Free Shipping
Indigi� M8 GSM 3G (Gold) 6.0" Android DualCam Smartphone UNLOCKED AT&T T-Mobile,Free Shipping
Indigi� Unlocked DualCore 5.5" Android 4.4 DualSim 3G Smart Phone Google Play Store AT&T T-Mobile Straightalk,Free Shipping
Indigi� 4.4 SMARTPHONE 3G 7" PHABLET AT&T T-MOBILE UNLOCKED + Free Smart Cover,Free Shipping
Indigi� 2016 Factory Unlocked Mobile Wireless M8 Dual SIM GSM+WCDMA + Free Bundled Items,Free Shipping
Indigi� 5.5in Multi-Touch 3G Android 4.4 DualCore (Unlocked) Dual Camera Mobile Smartphone Smart Cell Phone (1 Year Warranty),Free Shipping
Indigi� Unlocked DualCore 5.5" Android 4.4 DualSim Dual Camera 3G SmartPhone Google Play Store AT&T T-Mobile Straightalk - Black,Free Shipping
Apple iPhone 5S 32GB Unlocked Smartphone Sim Free Factory Mobile A1533 GSM Silver,Free Shipping
Original Xiaomi Mi Max 2 Max2 Mobile Phone 4GB RAM 64GB ROM 5300mAh 6.44" Snapdragon 625 Octa Core 1080P 12MP QC 3.0 Andriod 7.1,Free Shipping
Samsung Galaxy J2 LTE / SM-J200M Black (International Model) Factory Unlocked GSM Mobile Phone,Free Shipping
New Original 4 inch K-touch W656 Dual SIM Dual Core 5MP Android 4.0 WCDMA/GSM Smart Mobile Cell Phones,Free Shipping
Original Xiaomi Mi Max 2 4GB 64GB Max2 Mobile Phone 5300mAh Battery Octa Core 6.44" 1920x1080 Snapdragon 625 12MP 2.0GHz,Free Shipping
Original Huawei Honor 8 4G LTE Mobile Phone 4G RAM 64G Rom dual camera Octa Core 5.2" FHD 1920*1080 Fingerprint NFC,Free Shipping
Original Huawei Honor 8 4G LTE Mobile Phone 4G RAM 64G Rom dual camera Octa Core 5.2" FHD 1920*1080 Fingerprint NFC,Free Shipping
Original Huawei Honor 8 4G LTE Mobile Phone 4G RAM 64G Rom dual camera Octa Core 5.2" FHD 1920*1080 Fingerprint NFC,Free Shipping
Original Huawei Honor 8 4G LTE Mobile Phone 4G RAM 64G Rom dual camera Octa Core 5.2" FHD 1920*1080 Fingerprint NFC,Free Shipping
LG G6 H872 32GB T-Mobile Unlocked Android Phone - Ice Platinum - OEM,$8.92 Shipping
Indigi� 5.5" 3G Unlocked Android Smartphone Cell Phone GPS WiFi Bluetooth AT&T T-Mobile Straight Talk Dual-SIM,Free Shipping
Indigi� Unlocked 5.5in 3G GPS Dual-Sim Dual-Core Android Smart Cell phone AT&T T-Mobile Straight Talk,Free Shipping
Original Xiaomi Redmi Dual SIM Note 4X 4GB 64GB Pro Mobile Phone MTK Helio X20 Deca Core 5.5" FHD 13MP Camera Fingerprint MIUI 8.1,Free Shipping
Original Xiaomi Redmi Dual SIM Note 4X 4GB 64GB Pro Mobile Phone MTK Helio X20 Deca Core 5.5" FHD 13MP Camera Fingerprint MIUI 8.1,Free Shipping
Phablet 7" Android 4.0 GSM Tablet Phone - Unlocked - AT&T / T-Mobile,Free Shipping
Indigi� 3G Unlocked SmartPhone 7.0" LCD Android 4.4 KK Tablet PC AT&T / T-Mobile,Free Shipping
Indigi M8 6" Multi-Touch 2Sim 3G Android (Unlocked!) Mobile Smartphone HD Screen,Free Shipping
New Indigi� Black M8 Factory Unlocked Global Mobile Device 6" QHD  3G Smart Phone GPS + FREE Extras!,Free Shipping
Indigi� Android 6.0 MM Unlocked QuadCore 4G 5" Smartphone WiFi AT&T T-mobile Straightalk,Free Shipping
Indigi� Unlocked 5in 4G Lte SmartPhone Android 6.0 Google Play AT&T T-Mobile Straightalk,Free Shipping
Indigi� 2016 3G TabletPC 7inch Android 4.4 T-Mobile Unlocked! SmartCover + 32gb microSD Included,Free Shipping
4G LTE-FDD Mobile Phone New Original ZTE Red Bull Nubia V5 White Smart Phone MSM8926 Quad Core Dual SIM 5" Multi-language,Free Shipping
Blue Original New 5.0" K-Touch W95 Android 4.2 Smart Mobile Phone Dual Core Dual Sim Broadcom 21663 512MB 4GB 5.0 Inch 5.0MP 3G GPS,Free Shipping
New Cheap Original K-Touch T60 Smart Mobile Cell Phone MTK6572 4.0 inch Dual Core Dual Sim 1.3GHz Android 4.2 GSM Black,Free Shipping
Original Xiaomi Mi Max 2 Max2 Mobile Phone 4GB RAM 64GB ROM 5300mAh 6.44" Snapdragon 625 Octa Core 1080P 12MP QC 3.0 Andriod 7.1,Free Shipping
Huawei Honor+ U8950D Ascend G600 Dual Sim Android 4.0 smartphone mobile phone Fast Ship From US,Free Shipping
Dell Venue Pro T-Mobile 4.1" 512 MB RAM 16GB Storage 5MP Camera 3G Wifi Black Smartphone New Others,Free Shipping
Latest Android 4.4 Kitkat GSM 4.0" Slim Smart Cell Phone UNLOCKED! AT&T T-mobile,Free Shipping
inDigi� 7.0in Unlocked Smart Cell Phone Android 4.2 JB Tablet PC AT&T / T-Mobile,Free Shipping
HTC One M8 / Gunmetal Gray 5" Touch Screen Dual 4.0 Ultrapixel Camera Unlocked GSM Mobile Phone,Free Shipping
Indigi� 7.0-inch Android 4.4-KK 3G Smart Phone Tablet PC GSM UNLOCKED (AT&T T-Mobile Straightalk)!,Free Shipping
RugGear RG310B - Unlocked outdoor waterproof mobile phone,Free Shipping
New Wireless Android 5.1 3G Smartphone 6" WiFi Bluetooth AT&T T-mobile UNLOCKED,Free Shipping
Indigi� 4G LTE Smartphone (White) 5.0" IPS Android 6.0 MM UNLOCKED AT&T T-Mobile,Free Shipping
New Indigi� M8 Wireless Smart Phone Android 5.1 Lollipop Bluetooth Global Unlocked Dual-Sim Mobile - Free Bundled Items!,Free Shipping
Indigi� 7.0" Multi-Touch Slim 3G SmartPhone Wireless Android 4.4 Tablet PC AT&T T-Mobile Straightalk,Free Shipping
Indigi� ANDROID 4.4 SMARTPHONE 3G+WIFI 7.0" PHABLET AT&T T-MOBILE STRAIGHTALK UNLOCKED,Free Shipping
Original Lenovo ZUK Edge Snapdragon 821 Quad Core Dual SIM Mobile Phone 4GB RAM 64GB ROM Fingerprint U-Touch 13MP FDD 4G 5.5"FHD 2.35 GHz,Free Shipping
